Article title,Authors,Journal title,Volume,Issue,Pages,Volume year,DOI,Published online date,URL
"In-situ transmission electron microscopy study of dislocation processes at precipitate-free zones in a γ
'-strengthened superalloy","Dietmar Baither, Thorsten Krol, Eckhard Nembach",Philosophical Magazine,83,35,p4011 - p4029,2003,10.1080/14786430310001603445,04-Jun-2010,https://doi.org/10.1080/14786430310001603445
Atom location by channelling-enhanced microanalysis and the ordering of Ti2AlNb,"J A Hriljac, I P Jones, P M Sarosi",Philosophical Magazine,83,35,p4031 - p4044,2003,10.1080/14786430310001603472,04-Jun-2010,https://doi.org/10.1080/14786430310001603472
Atomic-scale simulation of intergranular segregation of H in Al-Mg: implications for H-induced damage,"T Magnin, D Tanguy",Philosophical Magazine,83,35,p3995 - p4009,2003,10.1080/14786430310001613192,04-Jun-2010,https://doi.org/10.1080/14786430310001613192
Structure of dislocations and stacking faults in the complex intermetallic ξ'-(Al-Pd-Mn) phase,"M Feuerbacher, H Klein",Philosophical Magazine,83,36,p4103 - p4122,2003,10.1080/14786430310001613200,04-Jun-2010,https://doi.org/10.1080/14786430310001613200
On the powder diffraction pattern of crystals with stacking faults,"B Aragon-Fernandez, E Estevez-Rams, H Fuess, M Leoni, P Scardi",Philosophical Magazine,83,36,p4045 - p4057,2003,10.1080/14786430310001613219,04-Jun-2010,https://doi.org/10.1080/14786430310001613219
High-resolution transmission electron microscopy and computational analyses of atomic structures of [0001] symmetric tilt grain boundaries of Al2O3 with equivalent grain-boundary planes,"Y Ikuhara, K Matsunaga, H Nishimura, T Saito, T Yamamoto",Philosophical Magazine,83,36,p4071 - p4082,2003,10.1080/14786430310001613228,04-Jun-2010,https://doi.org/10.1080/14786430310001613228
Strength of free-standing chemically vapour-deposited diamond measured by a range of techniques,"A R Davies, J E Field, C S J Pickles",Philosophical Magazine,83,36,p4059 - p4070,2003,10.1080/14786430310001613246,04-Jun-2010,https://doi.org/10.1080/14786430310001613246
Transmission electron microscopy study of the interaction between a glide dislocation and a dislocation node,"R J McCabe, A Misra, T E Mitchell",Philosophical Magazine,83,36,p4123 - p4129,2003,10.1080/14786430310001613255,04-Jun-2010,https://doi.org/10.1080/14786430310001613255
Development of new interatomic potentials appropriate for crystalline and liquid iron,"G J Ackland, M Asta, S Han, M I Mendelev, D J Srolovitz, D Y Sun",Philosophical Magazine,83,35,p3977 - p3994,2003,10.1080/14786430310001613264,04-Jun-2010,https://doi.org/10.1080/14786430310001613264
Experimental and computational creep characterization of Al-Mg solid-solution alloy through instrumented indentation,"Ming Dao, Masami Fujiwara, Masahisa Otsuka, Hidenari Takagi",Philosophical Magazine,83,35,p3959 - p3976,2003,10.1080/14786430310001616045,04-Jun-2010,https://doi.org/10.1080/14786430310001616045
Molecular dynamics studies of displacement cascades in the uranium dioxide matrix,"J - M Delaye, D Ghaleb, M Rarivomanantsoa, L van Brutzel",Philosophical Magazine,83,36,p4083 - p4101,2003,10.1080/14786430310001616081,04-Jun-2010,https://doi.org/10.1080/14786430310001616081
Three-dimensional finite-element simulation of Zener pinning dynamics,"G Couturier, R Fortunier, C Maurice",Philosophical Magazine,83,30,p3387 - p3405,2003,10.1080/1478643031000152771,04-Jun-2010,https://doi.org/10.1080/1478643031000152771
Nanoscopic filters as the origin of d-wave energy gaps,J C Phillips,Philosophical Magazine,83,28,p3255 - p3265,2003,10.1080/1478643031000155129,04-Jun-2010,https://doi.org/10.1080/1478643031000155129
Network topology and subgap resonances observed by Fourier transform scanning tunnelling microscopy of cuprate high-temperature superconductors,J C Phillips,Philosophical Magazine,83,28,p3267 - p3281,2003,10.1080/1478643031000155138,04-Jun-2010,https://doi.org/10.1080/1478643031000155138
Dislocation-impenetrable precipitate interaction: a three-dimensional discrete dislocation dynamics analysis,"M C Fivel, K H Oh, C S Shin, M Verdier",Philosophical Magazine,83,31-34,p3691 - p3704,2003,10.1080/14786430310001599379,12-May-2010,https://doi.org/10.1080/14786430310001599379
Coherent motion of interstitial defects in a crystalline material,S L Dudarev,Philosophical Magazine,83,31-34,p3577 - p3597,2003,10.1080/14786430310001599388,12-May-2010,https://doi.org/10.1080/14786430310001599388
Atomistic simulation of dislocation emission in nanosized grain boundaries,"P M Derlet, A Hasnaoui, H van Swygenhoven",Philosophical Magazine,83,31-34,p3569 - p3575,2003,10.1080/14786430310001599397,12-May-2010,https://doi.org/10.1080/14786430310001599397
A computational framework for modelling grain-structure evolution in three dimensions,"Max O Bloomfield, Timothy S Cale, David F Richards",Philosophical Magazine,83,31-34,p3549 - p3568,2003,10.1080/14786430310001599405,12-May-2010,https://doi.org/10.1080/14786430310001599405
The effects of grain size and dislocation source density on the strengthening behaviour of polycrystals: a two-dimensional discrete dislocation simulation,"S B Biner, J R Morris",Philosophical Magazine,83,31-34,p3677 - p3690,2003,10.1080/14786430310001599414,12-May-2010,https://doi.org/10.1080/14786430310001599414
Grain-boundary interfaces and void interactions in porous aggregates,"W M Ashmawi, M A Zikry",Philosophical Magazine,83,31-34,p3917 - p3944,2003,10.1080/14786430310001599423,12-May-2010,https://doi.org/10.1080/14786430310001599423
The logarithmic singularity of an accelerating edge dislocation,"X Markenscoff, Luqun Ni",Philosophical Magazine,83,31-34,p3723 - p3744,2003,10.1080/14786430310001599504,12-May-2010,https://doi.org/10.1080/14786430310001599504
Coarse-grained descriptions of dislocation behaviour,"R LeSar, J M Rickman",Philosophical Magazine,83,31-34,p3809 - p3827,2003,10.1080/14786430310001599513,12-May-2010,https://doi.org/10.1080/14786430310001599513
A method for linking thermally activated dislocation mechanisms of yielding with continuum plasticity theory,Craig S Hartley,Philosophical Magazine,83,31-34,p3783 - p3808,2003,10.1080/14786430310001599522,12-May-2010,https://doi.org/10.1080/14786430310001599522
Parametric dislocation dynamics of anisotropic crystals,"N M Ghoniem, X Han, Z Wang",Philosophical Magazine,83,31-34,p3705 - p3721,2003,10.1080/14786430310001599531,12-May-2010,https://doi.org/10.1080/14786430310001599531
Critical thickness for dislocation generation in epitaxial piezoelectric thin films,"Qingping Sun, Biao Wang, C H Woo, T X Yu",Philosophical Magazine,83,31-34,p3753 - p3764,2003,10.1080/14786430310001600196,12-May-2010,https://doi.org/10.1080/14786430310001600196
Reaction-diffusion approach to nanostructure formation during thin-film deposition,Daniel Walgraef,Philosophical Magazine,83,31-34,p3829 - p3846,2003,10.1080/14786430310001600204,12-May-2010,https://doi.org/10.1080/14786430310001600204
The importance of being curved: bowing dislocations in a continuum description,"Jan Kratochvíl, Radan Sedláček, Ewald Werner",Philosophical Magazine,83,31-34,p3735 - p3752,2003,10.1080/14786430310001600213,12-May-2010,https://doi.org/10.1080/14786430310001600213
Radiation damage near grain boundaries,"P M Derlet, M Samaras, M Victoria, H van Swygenhoven",Philosophical Magazine,83,31-34,p3599 - p3607,2003,10.1080/14786430310001600222,12-May-2010,https://doi.org/10.1080/14786430310001600222
Constitutive equations for twinning and slip in low-stacking-fault-energy metals: a crystal plasticity-type model for moderate strains,M Cherkaoui,Philosophical Magazine,83,31-34,p3945 - p3958,2003,10.1080/14786430310001603355,12-May-2010,https://doi.org/10.1080/14786430310001603355
Atomic modelling of strengthening mechanisms due to voids and copper precipitates in α-iron,"D J Bacon, V Mohles, Yu N Osetsky",Philosophical Magazine,83,31-34,p3623 - p3641,2003,10.1080/14786430310001603364,12-May-2010,https://doi.org/10.1080/14786430310001603364
Theory of Frank loop nucleation at elevated temperatures,"A A Semenov, C H Woo",Philosophical Magazine,83,31-34,p3765 - p3782,2003,10.1080/14786430310001603373,12-May-2010,https://doi.org/10.1080/14786430310001603373
Linking atomistic and mesoscale simulations of nanocrystalline materials: quantitative validation for the case of grain growth,"Dorel Moldovan, Simon R Phillpot, Dieter Wolf",Philosophical Magazine,83,31-34,p3643 - p3659,2003,10.1080/14786430310001603382,12-May-2010,https://doi.org/10.1080/14786430310001603382
Strain relaxation in the epitaxy of La2/3Sr1/3MnO3 grown by pulsed-laser deposition on SrTiO3(001),"A Barthélémy, J - P Contour, O Durand, D Imhoff, R Lyonnet, J - L Maurice, F Pailloux, A Rocher",Philosophical Magazine,83,28,p3201 - p3224,2003,10.1080/14786430310001603436,20-Oct-2011,https://doi.org/10.1080/14786430310001603436
Cyclic deformation behaviour and saturation bundle structure in Ti-5 at.% Al single crystals deforming by single prism slip,"Y Umakoshi, L Xiao",Philosophical Magazine,83,30,p3407 - p3426,2003,10.1080/14786430310001603454,04-Jun-2010,https://doi.org/10.1080/14786430310001603454
Relaxation in Ni-Mn-Ga ferromagnetic shape memory alloys,"S M Allen, D Bono, J Feuchtwanger, C Henry, X Jin, R C O'Handley",Philosophical Magazine,83,28,p3193 - p3199,2003,10.1080/14786430310001603463,04-Jun-2010,https://doi.org/10.1080/14786430310001603463
Microstresses in textured polycrystals studied by the multireflection diffraction method and self-consistent model,"A Baczmański, C Braham, W Seiler",Philosophical Magazine,83,28,p3225 - p3246,2003,10.1080/14786430310001604985,04-Jun-2010,https://doi.org/10.1080/14786430310001604985
Computer modelling of ion migration in zirconia,"Günter Borchardt, Robert A Jackson, Martin Kilo",Philosophical Magazine,83,29,p3309 - p3325,2003,10.1080/14786430310001605001,04-Jun-2010,https://doi.org/10.1080/14786430310001605001
Field-enhanced electrical transport mechanisms in amorphous carbon films,"V Chu, C Godet, Sushil Kumar",Philosophical Magazine,83,29,p3351 - p3365,2003,10.1080/14786430310001605010,04-Jun-2010,https://doi.org/10.1080/14786430310001605010
Analysis of ball-milled Mo powder using X-ray diffraction,"T C Bor, R Delhez, M C Huisman, J - D Kamminga, E J Mittemeijer",Philosophical Magazine,83,29,p3327 - p3373,2003,10.1080/14786430310001605029,04-Jun-2010,https://doi.org/10.1080/14786430310001605029
A multiscale approach for coupled phenomena in fcc materials at high temperatures,"D Allen, E P Busso, S Dumoulin, N P O'Dowd",Philosophical Magazine,83,31-34,p3895 - p3916,2003,10.1080/14786430310001605407,12-May-2010,https://doi.org/10.1080/14786430310001605407
Kinetic Monte Carlo simulations of void lattice formation during irradiation,"H L Heinisch, B N Singh",Philosophical Magazine,83,31-34,p3661 - p3676,2003,10.1080/14786430310001605416,12-May-2010,https://doi.org/10.1080/14786430310001605416
Nanoscale copper oxide ring structure on an SrTiO3 substrate,"Anter El-Azab, Yong Liang",Philosophical Magazine,83,31-34,p3847 - p3869,2003,10.1080/14786430310001605425,12-May-2010,https://doi.org/10.1080/14786430310001605425
Deformation structures developing on fine scales,"N Hansen, D A Hughes",Philosophical Magazine,83,31-34,p3871 - p3893,2003,10.1080/14786430310001605560,12-May-2010,https://doi.org/10.1080/14786430310001605560
Dislocation nucleation in the initial stage during nanoindentation,"Hanchen Huang, H Y Liang, A H W Ngan, C H Woo, T X Yu",Philosophical Magazine,83,31-34,p3609 - p3622,2003,10.1080/14786430310001605579,12-May-2010,https://doi.org/10.1080/14786430310001605579
Ab initio calculation of tensile strength in iron,"M Friák, V Vitek, M Šob",Philosophical Magazine,83,31-34,p3529 - p3537,2003,10.1080/14786430310001605588,12-May-2010,https://doi.org/10.1080/14786430310001605588
A model for coexistent superconductivity and ferromagnetism,"Kevin S Bedell, Krastan B Blagoev, Jason A Jackiewicz",Philosophical Magazine,83,28,p3247 - p3254,2003,10.1080/14786430310001606145,04-Jun-2010,https://doi.org/10.1080/14786430310001606145
"In-plane and out-of-plane anisotropic magnetoresistances in La1 -


x

Pb

x

MnO3 thin films","D K Aswal, G L Goswami, L C Gupta, S K Gupta, V C Sahni, A Singh, C Thinaharan, C S Viswanadham, J V Yakhmi, S M Yusuf",Philosophical Magazine,83,28,p3181 - p3191,2003,10.1080/14786430310001606163,04-Jun-2010,https://doi.org/10.1080/14786430310001606163
The influence of morphology on grain-boundary and twin-boundary bainite growth kinetics at the bay in Fe-C-Mo,"R E Hackenberg, G J Shiflet",Philosophical Magazine,83,29,p3367 - p3385,2003,10.1080/14786430310001607379,04-Jun-2010,https://doi.org/10.1080/14786430310001607379
Multiscale modelling of nanomechanics and micromechanics: an overview,"Esteban P Busso, Nasr M Ghoniem, Hanchen Huang, Nicholas Kioussis",Philosophical Magazine,83,31-34,p3475 - p3528,2003,10.1080/14786430310001607388,12-May-2010,https://doi.org/10.1080/14786430310001607388
Experimental investigations of the normal loading of elastic spherical and conical indenters on to elastic flats,"M Munawar Chaudhri, Yong Yee Lim",Philosophical Magazine,83,30,p3427 - p3462,2003,10.1080/14786430310001608701,04-Jun-2010,https://doi.org/10.1080/14786430310001608701
Indexing schemes for quasilattices,Eric A Lord,Philosophical Magazine,83,29,p3283 - p3307,2003,10.1080/14786430310001608729,04-Jun-2010,https://doi.org/10.1080/14786430310001608729
"Isothermal creep of bulk glassy Zr52.5Ti5Cu17.9Ni14.6Al10 below T
g","A E Berlev, V A Khonik, K Kitagawa, M Ohta",Philosophical Magazine,83,30,p3463 - p3471,2003,10.1080/14786430310001613174,04-Jun-2010,https://doi.org/10.1080/14786430310001613174
Preface,,Philosophical Magazine,83,31-34,p3473 - p3473,2003,10.1080/14786430310001627368,12-May-2010,https://doi.org/10.1080/14786430310001627368
A nonplanar Peierls-Nabarro model and its application to dislocation cross-slip,"Vasily V Bulatov, Nicholas Kioussis, Gang Lu",Philosophical Magazine,83,31-34,p3539 - p3548,2003,10.1080/14786430310001634630,12-May-2010,https://doi.org/10.1080/14786430310001634630
One-dimensional models of thermal activation under shear stress,F R N Nabarro,Philosophical Magazine,83,26,p3047 - p3054,2003,10.1080/0141861031000109591,15-Nov-2010,https://doi.org/10.1080/0141861031000109591
Effects of topography on the local variation in the magnetization of ultrasoft magnetic films: A Lorentz microscopy study,"D O Boerma, N G Chechenin, J Th M de Hosson",Philosophical Magazine,83,25,p2899 - p2913,2003,10.1080/01478643031000147290,15-Nov-2010,https://doi.org/10.1080/01478643031000147290
Transmission electron microscopy investigation of domains and boundaries in bulk La2/3Ca1/3MnO3,"Y Ding, C H Lei, D D Liang, Q Y Xu",Philosophical Magazine,83,25,p2915 - p2927,2003,10.1080/1478643031000121379,15-Nov-2010,https://doi.org/10.1080/1478643031000121379
Physical properties of the β-Ti6Sn5 system,"F Drymiotis, Z Fisk, J C Lashley, S Nakatsuji, E Peterson",Philosophical Magazine,83,27,p3169 - p3178,2003,10.1080/1478643031000137877,20-Oct-2008,https://doi.org/10.1080/1478643031000137877
Atomic force microscopy study on microstructural changes by 'training' in Fe-Mn-Si-based shape memory alloys,"S Kajiwara, T Kikuchi, D Z Liu, N Shinya",Philosophical Magazine,83,25,p2875 - p2897,2003,10.1080/1478643031000149090,15-Nov-2010,https://doi.org/10.1080/1478643031000149090
The evolution of the lattice parameter mismatch of a nickel-based superalloy during a high-temperature creep test,"P Bastie, A Jacques",Philosophical Magazine,83,26,p3005 - p3027,2003,10.1080/1478643031000149108,15-Nov-2010,https://doi.org/10.1080/1478643031000149108
Orientation dependence of texture evolution in cold-rolled Ni3Al single crystals,"M Demura, T Hirano, K Kishida, Y Suga",Philosophical Magazine,83,26,p3029 - p3046,2003,10.1080/1478643031000149117,15-Nov-2010,https://doi.org/10.1080/1478643031000149117
Intrinsic nanoscale phase separation of bulk As2S3 glass,"P Boolchand, D G Georgiev, K A Jackson",Philosophical Magazine,83,25,p2941 - p2953,2003,10.1080/1478643031000151196,15-Nov-2010,https://doi.org/10.1080/1478643031000151196
Devitrification behaviour of Cu-Zr-Ti-Pd bulk glassy alloys,"Akihisa Inoue, Dmitri V Louzguine, Alain Reza Yavari",Philosophical Magazine,83,26,p2989 - p3003,2003,10.1080/1478643031000151394,15-Nov-2010,https://doi.org/10.1080/1478643031000151394
Effect of hydrogen dilution on the optical properties of hydrogenated amorphous silicon-nitrogen films prepared by plasma deposition,"Kazuo Morigaki, Masaaki Yamaguchi",Philosophical Magazine,83,25,p2955 - p2972,2003,10.1080/1478643031000151402,15-Nov-2010,https://doi.org/10.1080/1478643031000151402
Approaching the dry limit in foam,"Norbert Kern, Denis Weaire",Philosophical Magazine,83,26,p2973 - p2987,2003,10.1080/1478643031000152780,15-Nov-2010,https://doi.org/10.1080/1478643031000152780
Nanostructures and deformation mechanisms in a cryogenically ball-milled Al-Mg alloy,"J Y Huang, E J Lavernia, X Z Liao, F Zhou, Y T Zhu",Philosophical Magazine,83,26,p3065 - p3075,2003,10.1080/1478643031000152799,15-Nov-2010,https://doi.org/10.1080/1478643031000152799
"On the reorientation transition in Cu(100)/Ni
                  n
               /H","S Gallego, R Hammerling, J Zabloudil",Philosophical Magazine,83,27,p3159 - p3168,2003,10.1080/1478643031000152825,20-Oct-2008,https://doi.org/10.1080/1478643031000152825
Kinetics of ß-phase transformation in the heat treatment of FeSi2- and Fe2Si5-based thermoelectric alloys,"L Lü, X B Zhoa, T J Zhu",Philosophical Magazine,83,25,p2865 - p2873,2003,10.1080/1478643031000152834,15-Nov-2010,https://doi.org/10.1080/1478643031000152834
Polarization-depolarization process in glass during percussion drilling,"D Bahat, V Frid, J Goldbaum, A Rabinovitch",Philosophical Magazine,83,25,p2929 - p2940,2003,10.1080/1478643031000152843,15-Nov-2010,https://doi.org/10.1080/1478643031000152843
Dislocation climb and low-temperature plasticity of an Al-Pd-Mn quasicrystal,"L Bresson, D Caillard, P Cordier, F Mompiou",Philosophical Magazine,83,27,p3133 - p3157,2003,10.1080/1478643031000155110,20-Oct-2008,https://doi.org/10.1080/1478643031000155110
Muon spin rotation in GdSr2Cu2RuO8: Implications,"John D Dow, A J Greer, Dale R Harshman, W J Kossler, E Koster, D R Noakes, Z F Ren, C E Stronach, D Z Wang",Philosophical Magazine,83,26,p3055 - p3073,2003,10.1080/1478643031000156399,15-Nov-2010,https://doi.org/10.1080/1478643031000156399
A mechanism for spontaneous relaxation of glass at room temperature,"G P Johari, S V Nemilov",Philosophical Magazine,83,27,p3117 - p3132,2003,10.1080/14786430310001593456,20-Oct-2008,https://doi.org/10.1080/14786430310001593456
A systematic study of irrational precipitation crystallography in fcc-bcc systems with an analytical O-line method,"D Qiu, W - Z Zhang",Philosophical Magazine,83,27,p3093 - p3116,2003,10.1080/14786430310001594266,20-Oct-2008,https://doi.org/10.1080/14786430310001594266
Crack initiation and termination in III-V epitaxial layers,"G Hill, M Hopkinson, R T Murray, P J Parbrook",Philosophical Magazine,83,27,p3077 - p3092,2003,10.1080/14786430310001606154,20-Oct-2008,https://doi.org/10.1080/14786430310001606154
Erratum,,Philosophical Magazine,83,27,p3179 - p3179,2003,10.1080/14786430310001615406,20-Oct-2008,https://doi.org/10.1080/14786430310001615406
Oxygen generation in anodized Ta-Cu alloys,"G Alcala, M J Graham, H Habazaki, D Masheder, S Mato, T Quance, K Shimizu, P Skeldon, G E Thompson",Philosophical Magazine,83,23,p2733 - p2746,2003,10.1080/14786430310000107258,20-Oct-2008,https://doi.org/10.1080/14786430310000107258
Lattice-diffusion-controlled rotation of crystals about a common interface,B Burton,Philosophical Magazine,83,23,p2715 - p2731,2003,10.1080/1478643031000118030,20-Oct-2008,https://doi.org/10.1080/1478643031000118030
Sintering of a bcc structure of spherical particles of equal and different sizes,"Robert M McMeeking, Pia Redanz",Philosophical Magazine,83,23,p2693 - p2714,2003,10.1080/1478643031000120271,20-Oct-2008,https://doi.org/10.1080/1478643031000120271
Characteristics and origin of clusters in submicron WC-Co cermets,"S Lay, M Loubradou",Philosophical Magazine,83,23,p2669 - p2679,2003,10.1080/1478643031000136094,20-Oct-2008,https://doi.org/10.1080/1478643031000136094
Internal stress and heterogeneous dislocation structure in creep,"F Dobeš, A Orlová",Philosophical Magazine,83,23,p2681 - p2691,2003,10.1080/1478643031000136102,20-Oct-2008,https://doi.org/10.1080/1478643031000136102
Dilatancy in liquid foams,"S Hutzler, D Weaire",Philosophical Magazine,83,23,p2747 - p2760,2003,10.1080/1478643031000137886,20-Oct-2008,https://doi.org/10.1080/1478643031000137886
On the annealing of junction disclinations in deformed polycrystals,"D V Bachurin, A A Nazarov",Philosophical Magazine,83,23,p2653 - p2667,2003,10.1080/1478643031000137895,20-Oct-2008,https://doi.org/10.1080/1478643031000137895
Site-specific long-range order in 57Fe3Al measured by Mössbauer diffractometry,"B Fultz, J Y Y Lin",Philosophical Magazine,83,22,p2621 - p2640,2003,10.1080/0141861031000111138,15-Nov-2010,https://doi.org/10.1080/0141861031000111138
"On the origin of compositional fluctuations in ZnSe1-

x
S
x
 alloys grown by metal-organic vapour-phase epitaxy","N Maung, A C Wright",Philosophical Magazine,83,22,p2641 - p2652,2003,10.1080/1478643031000115763,15-Nov-2010,https://doi.org/10.1080/1478643031000115763
Large two-dimensional clusters of equal-area bubbles: The influence of the boundary in determining the minimum-energy configuration,"S J Cox, F Graner",Philosophical Magazine,83,22,p2573 - p2584,2003,10.1080/1478643031000118003,15-Nov-2010,https://doi.org/10.1080/1478643031000118003
The transition from localized to homogeneous plasticity during nanoindentation of an amorphous metal,"A S Argon, T G Nieh, C A Schuh, J Wadsworth",Philosophical Magazine,83,22,p2585 - p2597,2003,10.1080/1478643031000118012,15-Nov-2010,https://doi.org/10.1080/1478643031000118012
The non-Fermi-liquid nature of the metallic states of the Hubbard Hamiltonian,Behnam Farid,Philosophical Magazine,83,24,p2829 - p2863,2003,10.1080/1478643031000119651,15-Nov-2010,https://doi.org/10.1080/1478643031000119651
Crystallization of isolated amorphous zones in semiconductors,"E P Hollar, I Jenčič, I M Robertson",Philosophical Magazine,83,22,p2557 - p2571,2003,10.1080/1478643031000119976,15-Nov-2010,https://doi.org/10.1080/1478643031000119976
Influence of hydrogenation on the microstructure and crystallization of Zr-Cu-Ni-Al-Y metallic glass,"D Eliezer, R M Wang",Philosophical Magazine,83,22,p2545 - p2556,2003,10.1080/1478643031000119985,15-Nov-2010,https://doi.org/10.1080/1478643031000119985
Temporal Fluctuation and Its Power Law in the Crystalline-To-Glass Transition During Electron Irradiation,"M Hoshino, T Koike, N Q Lam, S Ohnuki, T Suda, H Takahashi, S Watanabe",Philosophical Magazine,83,22,p2599 - p2619,2003,10.1080/1478643031000120280,15-Nov-2010,https://doi.org/10.1080/1478643031000120280
Eutectic isolation in Mg-Al-Cu-Li(-Y) alloys by centrifugal processing,"Sven Bossuyt, William L Johnson, Jörg F Löffler, Atakan Peker",Philosophical Magazine,83,24,p2797 - p2813,2003,10.1080/1478643031000122152,15-Nov-2010,https://doi.org/10.1080/1478643031000122152
A six-dimensional approach to microtexture analysis,H F Poulsen,Philosophical Magazine,83,24,p2761 - p2778,2003,10.1080/1478643031000147308,15-Nov-2010,https://doi.org/10.1080/1478643031000147308
The effects of surface topography on the accumulation of biofouling,"M J Cowling, A Kerr",Philosophical Magazine,83,24,p2779 - p2795,2003,10.1080/1478643031000148451,15-Nov-2010,https://doi.org/10.1080/1478643031000148451
A combined resonance-Doppler technique for studying bubble evolution in liquids,Naveen Neil Sinha,Philosophical Magazine,83,24,p2815 - p2827,2003,10.1080/1478643031000148460,15-Nov-2010,https://doi.org/10.1080/1478643031000148460
On the packing of AuCu 3 and Cu 2 Mg structures,M L Bhatia,Philosophical Magazine,83,19,p2293 - p2300,2003,10.1080/0141861021000024857,15-Nov-2010,https://doi.org/10.1080/0141861021000024857
"Defects and localized states in MBE-grown GaAs1-x
N
x
 solid solutions prepared by molecular-beam epitaxy","A E Botchkarev, V T Bublik, A V Govorkov, James A Griffin, Daniel K Johnstone, S Noor Mohammad, A Y Polyakov, N B Smirnov, Todd Steiner",Philosophical Magazine,83,21,p2531 - p2544,2003,10.1080/0141861021000058724,15-Nov-2010,https://doi.org/10.1080/0141861021000058724
Ab initio modelling of dopants in diamond nanowires: Ii,"A S Barnard, S P Russo, I K Snook",Philosophical Magazine,83,19,p2311 - p2321,2003,10.1080/0141861031000104145,15-Nov-2010,https://doi.org/10.1080/0141861031000104145
Ab initio modelling of boron and nitrogen in diamond nanowires,"A S Barnard, S P Russo, I K Snook",Philosophical Magazine,83,19,p2301 - p2309,2003,10.1080/0141861031000104172,15-Nov-2010,https://doi.org/10.1080/0141861031000104172
Residual stresses in continuous-tungsten-fibre-reinforced Kanthal-matrix composites,"I J Beyerlein, M A M Bourke, M B Prime, P Rangaswamy, A K Saigal, T O Williams",Philosophical Magazine,83,19,p2267 - p2292,2003,10.1080/0141861031000104352,15-Nov-2010,https://doi.org/10.1080/0141861031000104352
"Grain-boundary faceting at a = 3, [110]/{112} grain boundary in a cubic zirconia bicrystal","Yuichi Ikuhara, Fumiyasu Oba, Taketo Sakuma, Naoya Shibata, Takahisa Yamamoto",Philosophical Magazine,83,19,p2221 - p2246,2003,10.1080/0141861031000108231,15-Nov-2010,https://doi.org/10.1080/0141861031000108231
Fast and reliable evaluation of lattice distortions from convergent-beam electron diffraction patterns,"H Biermann, S Krämer, Z Lu, H Mughrabi, F Pyczak",Philosophical Magazine,83,20,p2383 - p2397,2003,10.1080/0141861031000109573,01-Feb-2008,https://doi.org/10.1080/0141861031000109573
Correlated tracer diffusion in an ordered interface structure,"I V Belova, G E Murch",Philosophical Magazine,83,20,p2399 - p2407,2003,10.1080/0141861031000109582,01-Feb-2008,https://doi.org/10.1080/0141861031000109582
A new ferromagnetic thiospinel CuCrZrS4 with re-entrant spin-glass behaviour,"Junji Awaka, Susumu Chikazawa, Shuji Ebisu, Yuji Iijima, Taku Iwasa, Yasushi Kamei, Nami Kobayashi, Shoichi Nagata",Philosophical Magazine,83,21,p2521 - p2530,2003,10.1080/0141861031000109609,15-Nov-2010,https://doi.org/10.1080/0141861031000109609
Strongly anisotropic s-wave gaps in exotic superconductors,B H Brandow,Philosophical Magazine,83,21,p2487 - p2519,2003,10.1080/0141861031000111129,15-Nov-2010,https://doi.org/10.1080/0141861031000111129
Solidification microstructure of as-cast Mg-Zn-Y alloys,"D H Kim, I J Kim, W T Kim, J B Ok, S Yi",Philosophical Magazine,83,20,p2359 - p2369,2003,10.1080/0141861031000113325,01-Feb-2008,https://doi.org/10.1080/0141861031000113325
"Internal-friction study of the interstitial-substitutional effect on the deformation behaviour of Nb-O, Nb-Ta-O and Nb-Mo-O single crystals","Shuji Hanada, Eri Miura, Ken'ichi Ota, Kyosuke Yoshimi",Philosophical Magazine,83,20,p2343 - p2357,2003,10.1080/0141861031000113334,01-Feb-2008,https://doi.org/10.1080/0141861031000113334
Crystallization behaviour in a new multicomponent Ti16.6Zr16.6Hf16.6Ni20Cu20Al10 metallic glass developed by the equiatomic substitution technique,"B Cantor, K B Kim, P J Warren, Y Zhang",Philosophical Magazine,83,20,p2371 - p2381,2003,10.1080/0141861031000113343,01-Feb-2008,https://doi.org/10.1080/0141861031000113343
Dislocation motion in icosahedral quasicrystals at elevated temperatures: Numerical simulation,"J Roth, G D Schaaf, H - R Trebin",Philosophical Magazine,83,21,p2449 - p2465,2003,10.1080/0141861031000113352,15-Nov-2010,https://doi.org/10.1080/0141861031000113352
The influence of efficient atomic packing on the constitution of metallic glasses,"D B Miracle, W S Sanders, O N Senkov",Philosophical Magazine,83,20,p2409 - p2428,2003,10.1080/1478643031000098828,01-Feb-2008,https://doi.org/10.1080/1478643031000098828
Slip-accommodated superplastic flow in Zn-22 wt%Al,"Farghalli A Mohamed, Yuwei Xun",Philosophical Magazine,83,19,p2247 - p2266,2003,10.1080/1478643031000107230,15-Nov-2010,https://doi.org/10.1080/1478643031000107230
Assessment of the fatigue crack closure phenomenon in damage-tolerant aluminium alloy by in-situ high-resolution synchrotron X-ray microtomography,"J - Y Buffière, T Connolley, P Gregson, M Joyce, K H Khor, E Maire, I Sinclair, H Toda",Philosophical Magazine,83,21,p2429 - p2448,2003,10.1080/1478643031000115754,15-Nov-2010,https://doi.org/10.1080/1478643031000115754
Thermal desorption of carbon monoxide from Mo(110),"M Juel, S Raaen",Philosophical Magazine,83,21,p2475 - p2486,2003,10.1080/1478643031000116023,15-Nov-2010,https://doi.org/10.1080/1478643031000116023
"Ball milling of Fe40Ni40P20-xSix (x = 6, 10 and 14): production and characterization","N Clavaguera, M T Clavaguera-Mora, T Pradell, J J Suñol",Philosophical Magazine,83,20,p2323 - p2342,2003,10.1080/1478643031000118021,01-Feb-2008,https://doi.org/10.1080/1478643031000118021
Thermodynamics of phonon-stabilized Fermi distributions with application to uranium,M E Manley,Philosophical Magazine,83,21,p2467 - p2473,2003,10.1080/1478643031000119967,15-Nov-2010,https://doi.org/10.1080/1478643031000119967
Indentation behaviour of porous materials: Application to the Vickers indentation cracking of ceramics,"F Osterstock, F Tancret",Philosophical Magazine,83,1,p125 - p136,2003,10.1080/0141861021000013796,14-Nov-2010,https://doi.org/10.1080/0141861021000013796
One-dimensional atomic transport by clusters of self-interstitial atoms in iron and copper,"D J Bacon, S I Golubov, Yu N Osetsky, A Serra, B N Singh",Philosophical Magazine,83,1,p61 - p91,2003,10.1080/0141861021000016793,14-Nov-2010,https://doi.org/10.1080/0141861021000016793
Correlation between yttrium segregation at the grain boundaries and the threshold stress for plasticity in yttria-stabilized tetragonal zirconia polycrystals,"A Domínguez-Rodríguez, D Gómez-García, C Lorenzo-Martín, A Muñoz-Bernabé",Philosophical Magazine,83,1,p93 - p108,2003,10.1080/0141861021000017783,14-Nov-2010,https://doi.org/10.1080/0141861021000017783
Point-defect concentrations in B2 NiAl alloys under pressure,"D L Beke, G Erdélyi, Cs Guthy",Philosophical Magazine,83,1,p109 - p123,2003,10.1080/0141861021000017792,14-Nov-2010,https://doi.org/10.1080/0141861021000017792
Degree of structural perfection of icosahedral quasicrystalline grains investigated by synchrotron X-ray diffractometry and imaging techniques,"S Agliozzo, J Baruchel, I R Fisher, J Gastaldi, J Härtwig, H Klein, A Létoublon, L Mancini, T Sato, A P Tsai, J Wang, A M de Boissieu",Philosophical Magazine,83,1,p1 - p29,2003,10.1080/0141861021000019970,14-Nov-2010,https://doi.org/10.1080/0141861021000019970
Stress-induced phase transformations in ⟨001⟩-oriented Pb(Mg 1/3 Nb 2/3 )O 3 -PbTiO 3 crystals: Bilinear coupling of ferroelastic strain and ferroelectric polarization,"J F Li, D Viehland",Philosophical Magazine,83,1,p53 - p59,2003,10.1080/0141861021000019998,14-Nov-2010,https://doi.org/10.1080/0141861021000019998
On the measurement of dislocation core distributions in a GaAs/ZnTe/CdTe heterostructure by high-resolution transmission electron microscopy,"Paweł Dłużewski, Piotr Dłużewski, Sławomir Kret, Jean-Yves Laval",Philosophical Magazine,83,2,p231 - p244,2003,10.1080/0141861021000020095,14-Nov-2010,https://doi.org/10.1080/0141861021000020095
Transmission electron microscopy investigation of an ordered metastable phase in Zr-N alloys,"J M Howe, K T Moore, S S Sharma",Philosophical Magazine,83,1,p31 - p51,2003,10.1080/0141861021000020103,14-Nov-2010,https://doi.org/10.1080/0141861021000020103
Plastic slip distribution in two-phase laminate microstructures: Dislocation-based versus generalized-continuum approaches,"Samuel Forest, Radan Sedláček",Philosophical Magazine,83,2,p245 - p276,2003,10.1080/0141861021000022255,14-Nov-2010,https://doi.org/10.1080/0141861021000022255
First-principles investigations of ordering in binary α-Ti solid solutions,"Q M Hu, D Li, W T Wu, D S Xu, R Yang",Philosophical Magazine,83,2,p217 - p229,2003,10.1080/0141861021000022264,14-Nov-2010,https://doi.org/10.1080/0141861021000022264
Kear-Wilsdorf locks and the generation of antiphase-boundary tubes in L1 2 alloys,"Yu-Lung Chiu, Patrick Veyssière",Philosophical Magazine,83,2,p179 - p202,2003,10.1080/0141861021000024316,14-Nov-2010,https://doi.org/10.1080/0141861021000024316
Effect of microcracking on electric-field-induced stress intensity factors in dielectric ceramics,"Scott X Mao, C Q Ru",Philosophical Magazine,83,2,p277 - p294,2003,10.1080/0141861021000024848,14-Nov-2010,https://doi.org/10.1080/0141861021000024848
Computer simulation of solute-enhanced diffusion kinetics in dilute fcc alloys,"I V Belova, G E Murch",Philosophical Magazine,83,3,p377 - p392,2003,10.1080/0141861021000025810,14-Nov-2010,https://doi.org/10.1080/0141861021000025810
Effects of pressure on high-temperature dislocation creep in olivine,"Haemyeong Jung, Shun-Ichiro Karato",Philosophical Magazine,83,3,p401 - p414,2003,10.1080/0141861021000025829,14-Nov-2010,https://doi.org/10.1080/0141861021000025829
Solvent diffusion kinetics in the dilute random alloy,"I V Belova, G E Murch",Philosophical Magazine,83,3,p393 - p399,2003,10.1080/0141861021000025838,14-Nov-2010,https://doi.org/10.1080/0141861021000025838
Extended vacancy-type defects in silicon induced at low temperatures by electron irradiation,"Y Kimura, Y Ohno, S Takeda, J Yamasaki",Philosophical Magazine,83,2,p151 - p163,2003,10.1080/0141861021000026765,14-Nov-2010,https://doi.org/10.1080/0141861021000026765
Synthesis and characterization of mixed-valence barium titanates,"Thomas Höche, Allan J Jacobson, Ralf Keding, Hans-Joachim Kleebe, Paula Olhe, Christian Rüssel, Reinhard Schneider, Susanne Stemmer, Xiqu Wang, Peter A van Aken",Philosophical Magazine,83,2,p165 - p178,2003,10.1080/0141861021000028367,14-Nov-2010,https://doi.org/10.1080/0141861021000028367
Multistage devitrification of Mg-Ni-Mm and g-Ni-Y-Mm metallic glasses (Mm = misch metal),"Akihisa Inoue, Larissa V Louzguina, Dmitri V Louzguine",Philosophical Magazine,83,2,p203 - p216,2003,10.1080/0141861021000032687,14-Nov-2010,https://doi.org/10.1080/0141861021000032687
Multiple-step martensitic transformations in Ni-rich NiTi alloys--an in-situ transmission electron microscopy investigation,"Antonin Dlouhy, Gunther Eggeler, Jafar Khalil-Allafi",Philosophical Magazine,83,3,p339 - p363,2003,10.1080/0141861021000034531,14-Nov-2010,https://doi.org/10.1080/0141861021000034531
Elastic-stiffness coefficients of a silicon carbide fibre at elevated temperatures: Acoustic spectroscopy and micromechanics modelling,"M Hirao, T Ichitsubo, S Kai, H Ogi, K Takashima",Philosophical Magazine,83,4,p503 - p512,2003,10.1080/0141861021000034559,14-Nov-2010,https://doi.org/10.1080/0141861021000034559
Density functional theory studies of screw dislocation core structures in bcc metals,"Søren L Frederiksen, Karsten W Jacobsen",Philosophical Magazine,83,3,p365 - p375,2003,10.1080/0141861021000034568,14-Nov-2010,https://doi.org/10.1080/0141861021000034568
Thermal shock fracture of piezoelectric materials,"Yiu-Wing Mai, B L Wang",Philosophical Magazine,83,5,p631 - p657,2003,10.1080/0141861021000035053,14-Nov-2010,https://doi.org/10.1080/0141861021000035053
Possible electron-phonon interaction-driven microscopic origin of the phase transitions in β-Na 0.33 V 2 O 5 and analogues,Annette Bussmann-Holder,Philosophical Magazine,83,5,p659 - p665,2003,10.1080/0141861021000035341,14-Nov-2010,https://doi.org/10.1080/0141861021000035341
Dislocation configurations around a nanoindentation in the surface of a fcc metal,"M A González, J M Rojo, O Rodríguez de la Fuente",Philosophical Magazine,83,4,p485 - p502,2003,10.1080/0141861021000038771,14-Nov-2010,https://doi.org/10.1080/0141861021000038771
Relaxation kinetics of the long-range order parameter in a non-uniform system studied by the phase field method using the free energy obtained by the cluster variation method,"Tetsuo Mohri, Munekazu Ohno",Philosophical Magazine,83,3,p315 - p328,2003,10.1080/0141861021000039446,14-Nov-2010,https://doi.org/10.1080/0141861021000039446
Evolution of texture in electrodeposited Ni/Cu layered nanostructures,"F Ebrahimi, D Kong, V Krishnamoorthy, A J Liscano",Philosophical Magazine,83,4,p457 - p476,2003,10.1080/0141861021000039455,14-Nov-2010,https://doi.org/10.1080/0141861021000039455
Investigation of nanocrystalline CoFe 2 O 4 by positron annihilation lifetime spectroscopy,"S Bandyopadhyay, D Das, J Ghose, S S Ghugre, A Roy",Philosophical Magazine,83,6,p765 - p773,2003,10.1080/0141861021000042271,14-Nov-2010,https://doi.org/10.1080/0141861021000042271
The paramagnetic-to-ferromagnetic transition in B2-structured Fe-Al single crystals: Experiments and calculations,"I Baker, P R Munroe, D Wu",Philosophical Magazine,83,3,p295 - p313,2003,10.1080/0141861021000042280,14-Nov-2010,https://doi.org/10.1080/0141861021000042280
The determination of stresses in thin films; modelling elastic grain interaction,"M Leoni, E J Mittemeijer, U Welzel",Philosophical Magazine,83,5,p603 - p630,2003,10.1080/0141861021000042299,14-Nov-2010,https://doi.org/10.1080/0141861021000042299
Combined mode-I and mode-II fracture of ceramics with crack-face grain and/or whisker bridging,"Takashi Akatsu, Kenji Saito, Yasuhiro Tanabe, Eiichi Yasuda",Philosophical Magazine,83,6,p745 - p764,2003,10.1080/0141861021000046303,14-Nov-2010,https://doi.org/10.1080/0141861021000046303
Observations of glide and decomposition of a⟨101⟩ dislocations at high temperatures in Ni-Al single crystals deformed along the hard orientation,"M S Daw, M J Mills, R D Noebe, R Srinivasan",Philosophical Magazine,83,9,p1111 - p1135,2003,10.1080/0141861021000047140,15-Nov-2010,https://doi.org/10.1080/0141861021000047140
Microstructural aspects of the hcp-fcc allotropic phase transformation induced in cobalt by ball milling,"M D Baró, J Nogués, J Sort, S Suriñach",Philosophical Magazine,83,4,p439 - p455,2003,10.1080/0141861021000047159,14-Nov-2010,https://doi.org/10.1080/0141861021000047159
Thermodynamics and point defects in the B2 intermetallic phase PdIn,"Y A Chang, M Huang, W A Oates",Philosophical Magazine,83,5,p589 - p601,2003,10.1080/0141861021000047168,14-Nov-2010,https://doi.org/10.1080/0141861021000047168
Competitive segregation of gallium and indium at heterophase Cu-MnO interfaces studied with transmission electron microscopy,"B J Kooi, S Mogck, J Th M de Hosson",Philosophical Magazine,83,6,p727 - p743,2003,10.1080/0141861021000049238,14-Nov-2010,https://doi.org/10.1080/0141861021000049238
Creating and destroying vacancies in solids and non-equilibrium grain-boundary segregation,Xu Tingdong,Philosophical Magazine,83,7,p889 - p899,2003,10.1080/0141861021000049247,14-Nov-2010,https://doi.org/10.1080/0141861021000049247
Two-dimensional lattice models of the Peierls type,"R Bullough, A B Movchan, J R Willis",Philosophical Magazine,83,5,p569 - p587,2003,10.1080/0141861021000049256,14-Nov-2010,https://doi.org/10.1080/0141861021000049256
In-situ small-angle X-ray scattering study of dynamic precipitation in an Al-Zn-Mg-Cu alloy,"F Bley, L David, A Deschamps, D Fabregue, F Livet",Philosophical Magazine,83,6,p677 - p692,2003,10.1080/0141861021000051091,14-Nov-2010,https://doi.org/10.1080/0141861021000051091
Periodic image effects in dislocation modelling,"Vasily V Bulatob, Wei Cai, Jinpeng Chang, Ju Li, Sidney Yip",Philosophical Magazine,83,5,p539 - p567,2003,10.1080/0141861021000051109,14-Nov-2010,https://doi.org/10.1080/0141861021000051109
Atomistic modelling of TiAl I. Bond-order potentials with environmental dependence,"D Nguyen-Manh, D G Pettifor, V Vitek, S Znam",Philosophical Magazine,83,4,p415 - p438,2003,10.1080/0141861021000054601,14-Nov-2010,https://doi.org/10.1080/0141861021000054601
Crack extension force and rate of mechanical work of fracture in linear dielectrics and piezoelectrics,"M Algueró, F Guiu, M J Reece",Philosophical Magazine,83,7,p873 - p888,2003,10.1080/0141861021000054610,14-Nov-2010,https://doi.org/10.1080/0141861021000054610
Self-diffusion of aluminium in the intermetallic compound Fe-48 at.% Al,"Yoshiaki Iijima, Ryusuke Nakamura",Philosophical Magazine,83,4,p477 - p483,2003,10.1080/0141861021000055655,14-Nov-2010,https://doi.org/10.1080/0141861021000055655
Vacancy ordered phases in Al-Cu-Ni as quasiperiodic superlattice approximants,Anandh Subramaniam,Philosophical Magazine,83,6,p667 - p675,2003,10.1080/0141861021000055664,14-Nov-2010,https://doi.org/10.1080/0141861021000055664
Electron microscopy analysis of debris produced during diamond polishing,"L M Brown, J E Field, F M van Bouwelen",Philosophical Magazine,83,7,p839 - p855,2003,10.1080/0141861021000055673,14-Nov-2010,https://doi.org/10.1080/0141861021000055673
Point-defect clusters and dislocation loops in bcc metals: Continuum and atomistic study,"Yu N Osetsky, M A Puigvi, A Serra",Philosophical Magazine,83,7,p857 - p871,2003,10.1080/0141861021000055682,14-Nov-2010,https://doi.org/10.1080/0141861021000055682
Microstructural characterization of rapidly solidified Al 90 Ce 10 alloy,"X F Bian, Y Wang, Z H Zhang",Philosophical Magazine,83,7,p827 - p838,2003,10.1080/0141861021000056645,14-Nov-2010,https://doi.org/10.1080/0141861021000056645
Connectivity and percolation in simulated grain-boundary networks,"Mukul Kumar, Roger W Minich, Christopher A Schuh",Philosophical Magazine,83,6,p711 - p726,2003,10.1080/0141861021000056681,14-Nov-2010,https://doi.org/10.1080/0141861021000056681
Cyclic deformation of polycrystalline Cu films,"G Dehm, O Kraft, R Schwaiger",Philosophical Magazine,83,6,p693 - p710,2003,10.1080/0141861021000056690,14-Nov-2010,https://doi.org/10.1080/0141861021000056690
Nucleation behaviour and anomalous eutectic formation in highly undercooled Fe2O3-La2O3 eutectic melts,"Kazuhiko Kuribayashi, Mingjun Li, Kosuke Nagashio",Philosophical Magazine,83,9,p1095 - p1109,2003,10.1080/0141861021000056924,15-Nov-2010,https://doi.org/10.1080/0141861021000056924
"Comment on 'Oriented domains in a thin film of La 0.8 Sr 0.2 MnO 3 prepared by laser molecular-beam epitaxy' by X. L. Ma, Y. L. Zhu, X. M. Meng, H. B. Lu, F. Chen, Z. H. Chen, G. Z. Yang and Z. Zhang",Ian MacLaren,Philosophical Magazine,83,7,p929 - p931,2003,10.1080/0141861021000059002,14-Nov-2010,https://doi.org/10.1080/0141861021000059002
Oriented domains in a thin film of La 0.8 Sr 0.2 MnO 3 --Reply to the comment by Dr I. MacLaren,X L Ma,Philosophical Magazine,83,7,p933 - p934,2003,10.1080/0141861021000059994,14-Nov-2010,https://doi.org/10.1080/0141861021000059994
Kear-Wilsdorf locks and the formation of antiphase-boundary tubes in L1 2 alloys,P B Hirsch,Philosophical Magazine,83,8,p1007 - p1032,2003,10.1080/0141861021000062684,14-Nov-2010,https://doi.org/10.1080/0141861021000062684
Nucleation of kink pairs on partial dislocations: A new model for solution hardening and softening,"P M Anderson, M I Baskes, S P Chen, R G Hoagland, A Misra, T E Mitchell",Philosophical Magazine,83,11,p1329 - p1346,2003,10.1080/0141861021000064196,15-Nov-2010,https://doi.org/10.1080/0141861021000064196
Investigation of domain behaviour in 0.7Pb(Mg1/3Nb2/3) O3-0.3PbTiO3 single crystals at different temperatures in the transmission electron microscope,"K Z Baba-Kishi, H L Chan, C L Choy, H S Luo, X Meng, G K H Pang",Philosophical Magazine,83,4,p513 - p526,2003,10.1080/01418610210164375,14-Nov-2010,https://doi.org/10.1080/01418610210164375
"Occurrence of superconductivity in R2-z
Ce
z
CuO4 and related compounds","John D Dow, Martin Lehmann",Philosophical Magazine,83,4,p527 - p537,2003,10.1080/01418610210164375a,14-Nov-2010,https://doi.org/10.1080/01418610210164375a
Modelling the toughness of porous sintered glass beads with various fracture mechanisms,"F Osterstock, F Tancret",Philosophical Magazine,83,1,p137 - p150,2003,10.1080/01418610210164393,14-Nov-2010,https://doi.org/10.1080/01418610210164393
Ni diffusion in near-equiatomic Ni-Ti and Ni-Ti(-Cu) alloys,"D L Beke, J Bernardini, L Daróczi, C Lexcellent",Philosophical Magazine,83,3,p329 - p338,2003,10.1080/0141861021021000036656,14-Nov-2010,https://doi.org/10.1080/0141861021021000036656
Magnetic and structural behaviours of nanocrystalline Fe 70.8 Nb 3.7 Cu 1 Al 2.7 Mn 0.7 Si 13.5 B 7.6 alloy,"A Mitra, A K Panda, P Ramachandrarao, V Rao, S R Singh",Philosophical Magazine,83,12,p1495 - p1509,2003,10.1080/014186103100004609,15-Nov-2010,https://doi.org/10.1080/014186103100004609
Evolution of dislocation substructure in vapour-deposited lead films on glass substrates,"P Chatterjee, S P Sen Gupta",Philosophical Magazine,83,8,p1033 - p1044,2003,10.1080/0141861031000061701,14-Nov-2010,https://doi.org/10.1080/0141861031000061701
Al-Mn-Ce quasicrystalline composites: Phase formation and mechanical properties,"Jürgen Eckert, Ludwig Schultz, Frank Schurack",Philosophical Magazine,83,7,p807 - p825,2003,10.1080/0141861031000061710,14-Nov-2010,https://doi.org/10.1080/0141861031000061710
The nucleation of faulted dipoles at intersection jogs in γ-TiAl,"Yu-Lung Chiu, Fabienne GréGori, Takayoshi Nakano, Yukichi Umakoshi, Patrick VeyssièRe",Philosophical Magazine,83,11,p1347 - p1363,2003,10.1080/0141861031000063240,15-Nov-2010,https://doi.org/10.1080/0141861031000063240
Extended planar boundary inclinations in fcc single crystals and polycrystals subjected to plane strain deformation,"X Huang, J A Wert",Philosophical Magazine,83,8,p969 - p983,2003,10.1080/0141861031000064582,14-Nov-2010,https://doi.org/10.1080/0141861031000064582
Effect of in-plane residual stresses on the post-deflection behaviour of a T-shaped deflected crack in layered systems,"Woong Lee, Hyunho Shin",Philosophical Magazine,83,8,p985 - p1006,2003,10.1080/0141861031000064591,14-Nov-2010,https://doi.org/10.1080/0141861031000064591
Editorial,"E A Davis, A L Greer, J L Smith",Philosophical Magazine,83,1,p1 - p1,2003,10.1080/0141861031000064681,14-Nov-2010,https://doi.org/10.1080/0141861031000064681
On the calculation of the magnetoresistance of tunnel junctions with parallel paths of conduction,"Peter M Levy, Laszlo Szunyogh, Kuising Wang, Shufeng Zhang",Philosophical Magazine,83,10,p1255 - p1286,2003,10.1080/0141861031000065077,15-Nov-2010,https://doi.org/10.1080/0141861031000065077
Ab initio modelling of band states in doped diamond,"A S Barnard, S P Russo, I K Snook",Philosophical Magazine,83,9,p1163 - p1174,2003,10.1080/0141861031000065301,15-Nov-2010,https://doi.org/10.1080/0141861031000065301
In-situ transmission electron microscopy observations and molecular dynamics simulations of dislocation-defect interactions in ion-irradiated copper,"A Arsenlis, J S Robach, I M Robertson, B D Wirth",Philosophical Magazine,83,8,p955 - p967,2003,10.1080/0141861031000065329,14-Nov-2010,https://doi.org/10.1080/0141861031000065329
Crystallography of nanometre-sized α'-martensite formed at intersections of mechanical γ-twins in an austenitic stainless steel,"Y Higo, T Inamura, K Takashima",Philosophical Magazine,83,8,p935 - p954,2003,10.1080/0141861031000065338,14-Nov-2010,https://doi.org/10.1080/0141861031000065338
Electron-optical phase shift of magnetic nanoparticles I. Basic concepts,"M Beleggia, Y Zhu",Philosophical Magazine,83,8,p1045 - p1057,2003,10.1080/0141861031000066166,14-Nov-2010,https://doi.org/10.1080/0141861031000066166
Electron-optical phase shift of magnetic nanoparticles II. Polyhedral particles,"M Beleggia, S Tandon, Y Zhu, M de Graef",Philosophical Magazine,83,9,p1143 - p1161,2003,10.1080/0141861031000066175,15-Nov-2010,https://doi.org/10.1080/0141861031000066175
A thermodynamic approach to grain growth and coarsening,"F D Fischer, P Fratzl, J Svoboda",Philosophical Magazine,83,9,p1075 - p1093,2003,10.1080/0141861031000068966,15-Nov-2010,https://doi.org/10.1080/0141861031000068966
"Gap closure in semiconducting APtSn cubic compounds (A = U, Th or Zr)","J K Cockroft, A Czopnik, P de V Du Plessis, A M Strydom, V H Tran, R TroĆ",Philosophical Magazine,83,10,p1235 - p1253,2003,10.1080/0141861031000069118,15-Nov-2010,https://doi.org/10.1080/0141861031000069118
Interaction of twin boundaries with stacking faults in 2H martensite: A high-resolution electron microscopy study,"Adriana M Condó, Francisco C Lovey, Vicenç Torra",Philosophical Magazine,83,12,p1479 - p1493,2003,10.1080/0141861031000069587,15-Nov-2010,https://doi.org/10.1080/0141861031000069587
Surface deformation induced by a variation in surface stresses in anisotropic half-regions,Hideo Koguchi,Philosophical Magazine,83,10,p1205 - p1226,2003,10.1080/0141861031000071971,15-Nov-2010,https://doi.org/10.1080/0141861031000071971
Intermediate stages of a transformation between a quasicrystal and an approximant including nanodomain structures in the Al-Ni-Co system,"M DÖblinger, D Gerthsen, B Grushko, R Wittmann",Philosophical Magazine,83,9,p1059 - p1074,2003,10.1080/0141861031000071980,15-Nov-2010,https://doi.org/10.1080/0141861031000071980
Undissociated screw dislocations in silicon: Calculations of core structure and energy,"P Beauchamp, L Pizzagalli, J Rabier",Philosophical Magazine,83,10,p1191 - p1204,2003,10.1080/0141861031000071999,15-Nov-2010,https://doi.org/10.1080/0141861031000071999
Annealing effects on the microstructure of sputtered gold layers on oxidized silicon investigated by scanning electron microscopy and scanning probe microscopy,"Y Chen, S Jacke, R E Palmer, J L Plaza",Philosophical Magazine,83,9,p1137 - p1142,2003,10.1080/0141861031000072006,15-Nov-2010,https://doi.org/10.1080/0141861031000072006
Shear stress at the interface of coaxial composites determined by the resonance of low-amplitude vibrations,"Élida B Hermida, Diego G Melo",Philosophical Magazine,83,15,p1761 - p1773,2003,10.1080/0141861031000104154,15-Nov-2010,https://doi.org/10.1080/0141861031000104154
Convective instability of the thermovibrational flow of binary mixture in the presence of the Soret effect,"B I Myznikova, B L Smorodin",Philosophical Magazine,83,17-18,p2155 - p2170,2003,10.1080/0141861031000107890,15-Nov-2010,https://doi.org/10.1080/0141861031000107890
The onset of thermomagnetic convection in stratified ferrofluids,"Shinichi Kamiyama, Mark I Shliomis, Boris L Smorodin",Philosophical Magazine,83,17-18,p2139 - p2153,2003,10.1080/0141861031000107908,15-Nov-2010,https://doi.org/10.1080/0141861031000107908
Mechanism of particle thermophoresis in pure solvents,Semen N Semenov,Philosophical Magazine,83,17-18,p2199 - p2208,2003,10.1080/0141861031000107917,15-Nov-2010,https://doi.org/10.1080/0141861031000107917
Polymer thermophoresis in solvents and solvent mixtures,"Martin E Schimpf, Semen N Semenov",Philosophical Magazine,83,17-18,p2185 - p2198,2003,10.1080/0141861031000107926,15-Nov-2010,https://doi.org/10.1080/0141861031000107926
On thermal diffusion in binary and ternary Lennard-Jones mixtures by non-equilibrium molecular dynamics,"J - P Caltagirone, B Duguay, G Galliéro, F Montel",Philosophical Magazine,83,17-18,p2097 - p2108,2003,10.1080/0141861031000107935,15-Nov-2010,https://doi.org/10.1080/0141861031000107935
Analytical and numerical exploration of oscillatory convection in porous media,"D Fargue, S Gaillard, P Jamet",Philosophical Magazine,83,17-18,p2131 - p2138,2003,10.1080/0141861031000107944,15-Nov-2010,https://doi.org/10.1080/0141861031000107944
Micro-thermal field-flow fractionation: New challenge in experimental studies of thermal diffusion of polymers and colloidal particles,Josef Janca,Philosophical Magazine,83,17-18,p2045 - p2058,2003,10.1080/0141861031000107953,15-Nov-2010,https://doi.org/10.1080/0141861031000107953
Investigation of the sign of the Soret coefficient in different ionic and surfacted magnetic colloids using forced Rayleigh scattering and single-beam Z -scan techniques,"S Alves, A Bee, A Bourdon, G Demouchy, A M Figueiredo Neto, D Talbot",Philosophical Magazine,83,17-18,p2059 - p2066,2003,10.1080/0141861031000107962,15-Nov-2010,https://doi.org/10.1080/0141861031000107962
Thermal diffusion in ionic micellar solutions,Roberto Piazza,Philosophical Magazine,83,17-18,p2067 - p2085,2003,10.1080/0141861031000107971,15-Nov-2010,https://doi.org/10.1080/0141861031000107971
Molecular dynamics study of thermal diffusion in a binary mixture of alkanes trapped in a slit pore,"Philippe A Bopp, Jean-Paul Caltagirone, Jean Colombani, Bernard Duguay, Guillaume Galliéro, François Montel",Philosophical Magazine,83,17-18,p2087 - p2095,2003,10.1080/0141861031000107980,15-Nov-2010,https://doi.org/10.1080/0141861031000107980
Determination of the apparent negative Soret coefficient of water-10% alcohol solutions by experimental and numerical methods in packed cells,"P Costesèque, Y Gachet, S Gaillard, Ph Jamet",Philosophical Magazine,83,17-18,p2039 - p2044,2003,10.1080/0141861031000107999,15-Nov-2010,https://doi.org/10.1080/0141861031000107999
Influence of thermal boundary conditions on the double-diffusive process in a binary mixture,"M Chacha, J C Legros, M Z Saghir, S van Vaerenbergh",Philosophical Magazine,83,17-18,p2109 - p2129,2003,10.1080/0141861031000108006,15-Nov-2010,https://doi.org/10.1080/0141861031000108006
Fast-onset Soret-driven convection in a colloidal suspension heated from above,"Roberto Cerbino, Marzio Giglio, Alberto Vailati",Philosophical Magazine,83,17-18,p2023 - p2031,2003,10.1080/0141861031000108178,15-Nov-2010,https://doi.org/10.1080/0141861031000108178
Measuring the Soret coefficient of binary hydrocarbon mixtures in packed thermogravitational columns (contribution of Toulouse University to the benchmark test),"Pierre Costesèque, Jean-Christophe Loubet",Philosophical Magazine,83,17-18,p2017 - p2022,2003,10.1080/0141861031000108187,15-Nov-2010,https://doi.org/10.1080/0141861031000108187
"Precise determination of the Soret, thermodiffusion and isothermal diffusion coefficients of binary mixtures of dodecane, isobutylbenzene and 1,2,3,4-tetrahydronaphthalene (contribution of the University of Mons to the benchmark test)","M M Bou-Ali, J F Dutrieux, J K Platten",Philosophical Magazine,83,17-18,p2001 - p2010,2003,10.1080/0141861031000108196,15-Nov-2010,https://doi.org/10.1080/0141861031000108196
"Benchmark values for the Soret, thermal diffusion and diffusion coefficients of three binary organic liquid mixtures","M M Bou-Ali, P Costesèque, J F Dutrieux, W Köhler, C Leppla, J K Platten, S Wiegand, G Wittko",Philosophical Magazine,83,17-18,p1965 - p1971,2003,10.1080/0141861031000108204,15-Nov-2010,https://doi.org/10.1080/0141861031000108204
"Precise determination of the Soret, thermal diffusion and mass diffusion coefficients of binary mixtures of dodecane, isobutylbenzene and 1,2,3,4-tetrahydronaphthalene by a holographic grating technique","Werner Köhler, Gerhard Wittko",Philosophical Magazine,83,17-18,p1973 - p1987,2003,10.1080/0141861031000108213,15-Nov-2010,https://doi.org/10.1080/0141861031000108213
Investigation of the Soret effect in binary liquid mixtures by thermal-diffusion-forced Rayleigh scattering (contribution to the benchmark test),"C Leppla, S Wiegand",Philosophical Magazine,83,17-18,p1989 - p1999,2003,10.1080/0141861031000108222,15-Nov-2010,https://doi.org/10.1080/0141861031000108222
Evaluation of the thermodynamic models for the thermal diffusion factor,"Mariana G Gonzalez-Bagnoli, Alexander A Shapiro, Erling H Stenby",Philosophical Magazine,83,17-18,p2171 - p2183,2003,10.1080/0141861031000113280,15-Nov-2010,https://doi.org/10.1080/0141861031000113280
"Determination of the thermodiffusion coefficient in three binary organic liquid mixtures by the thermogravitational method (contribution of the Universidad del País Vasco, Bilbao, to the benchmark test)","M M Bou-Ali, J F Dutrieux, O Ecenarro, J A Madariaga, C Santamaría, J J Valencia",Philosophical Magazine,83,17-18,p2011 - p2015,2003,10.1080/0141861031000113299,15-Nov-2010,https://doi.org/10.1080/0141861031000113299
Onset of Rayleigh-Bénard convection in a ternary liquid system and the Onsager law with generalized thermal diffusion,"G Chavepeyer, J - F Dutrieux, M Marcoux, M Massoutier",Philosophical Magazine,83,17-18,p2033 - p2038,2003,10.1080/0141861031000113307,15-Nov-2010,https://doi.org/10.1080/0141861031000113307
Selected Papers from the Fifth International Meeting on Thermodiffusion Technical University of Denmark 5-9 August 2002,Alexander Shapiro,Philosophical Magazine,83,17-18,p1963 - p1964,2003,10.1080/0141861031000113316,15-Nov-2010,https://doi.org/10.1080/0141861031000113316
Microstructure and mechanical properties of a partially crystallized La-based bulk metallic glass,"J Basu, Y Li, N Nagendra, U Ramamurty",Philosophical Magazine,83,15,p1747 - p1760,2003,10.1080/0141861861031000104163,15-Nov-2010,https://doi.org/10.1080/0141861861031000104163
Plasticity of ferromagnets near the Curie point,"V Fleurov, M Molotskii",Philosophical Magazine,83,12,p1421 - p1430,2003,10.1080/01478643031000078495,15-Nov-2010,https://doi.org/10.1080/01478643031000078495
Hopping transport in molecularly doped polymers: Joint modelling of positional and energetic disorder,"J M Sin, Z G Soos",Philosophical Magazine,83,7,p901 - p928,2003,10.1080/1364281021000045788,14-Nov-2010,https://doi.org/10.1080/1364281021000045788
Orbital Zeeman effect: Signature of charge in the carriers of ferromagnetism,"Kevin S Bedell, Paulo F Farinas",Philosophical Magazine,83,6,p789 - p796,2003,10.1080/1364281021000045805,14-Nov-2010,https://doi.org/10.1080/1364281021000045805
Electric-field-dependent dispersive transport of carriers in band tails of low-dimensional systems,Mahi R Singh,Philosophical Magazine,83,6,p797 - p805,2003,10.1080/136428102100004597,14-Nov-2010,https://doi.org/10.1080/136428102100004597
Electron correlation and hybridization in late-transition-metal compounds,I Pollini,Philosophical Magazine,83,6,p775 - p787,2003,10.1080/1364281021000056317,14-Nov-2010,https://doi.org/10.1080/1364281021000056317
On conservation integrals in micropolar elasticity,"V A Lubarda, X Markenscoff",Philosophical Magazine,83,11,p1365 - p1377,2003,10.1080/1478643031000072491,15-Nov-2010,https://doi.org/10.1080/1478643031000072491
Transport and dielectric properties of V2O5-MnO-TeO2 glasses,"B K Chaudhuri, Manisha Pal, H Sakata, K Sega",Philosophical Magazine,83,11,p1379 - p1391,2003,10.1080/1478643031000075731,15-Nov-2010,https://doi.org/10.1080/1478643031000075731
Structure and role of the interfacial layers in VC-rich WC-Co cermets,"S Hamar-Thibault, S Lay, J Thibault",Philosophical Magazine,83,10,p1175 - p1190,2003,10.1080/1478643031000075759,15-Nov-2010,https://doi.org/10.1080/1478643031000075759
Microstructural accommodation of excess Ru in epitaxial SrRuO3 films,"Sang Ho Oh, Chan Gyung Park",Philosophical Magazine,83,11,p1307 - p1327,2003,10.1080/1478643031000076596,15-Nov-2010,https://doi.org/10.1080/1478643031000076596
twins in Mo-doped TiSi 2 thin films with the C54 structure,"Takashi Hashimoto, Haruyuki Inui, Norihiko L Okamoto, Katsushi Tanaka, Masaharu Yamaguchi",Philosophical Magazine,83,12,p1463 - p1478,2003,10.1080/1478643031000076604,15-Nov-2010,https://doi.org/10.1080/1478643031000076604
Synthesis and mechanical properties of mechanically alloyed Al-Cu-Fe quasicrystalline composites,"JÜrgen Eckert, Ludwig Schultz, Frank Schurack",Philosophical Magazine,83,11,p1287 - p1305,2003,10.1080/1478643031000076613,15-Nov-2010,https://doi.org/10.1080/1478643031000076613
Minimal perimeter for N identical bubbles in two dimensions: Calculations and simulations,"S J Cox, F Graner, C Monnereau-Pittet, N Pittet, FÁtima Vaz",Philosophical Magazine,83,11,p1393 - p1406,2003,10.1080/1478643031000077351,15-Nov-2010,https://doi.org/10.1080/1478643031000077351
Symmetry analysis of the interplay between local moment anisotropies and propagation vectors in the borocarbides,"P C Canfield, C Detlefs, A S Wills",Philosophical Magazine,83,10,p1227 - p1234,2003,10.1080/1478643031000077702,15-Nov-2010,https://doi.org/10.1080/1478643031000077702
Strong magnetization by antiphase-boundary tubes in a cyclically deformed Fe-35 at.% Al alloy,"S Kumai, S Miyazaki, A Sato, K Yamamoto",Philosophical Magazine,83,12,p1431 - p1449,2003,10.1080/1478643031000078486,15-Nov-2010,https://doi.org/10.1080/1478643031000078486
Fracture and cavitation in a constrained thin metal layer under a scale effect in layered materials,"Xueli Han, Scott X Mao, Jorg M Wiezorek",Philosophical Magazine,83,15,p1807 - p1826,2003,10.1080/1478643031000078503,15-Nov-2010,https://doi.org/10.1080/1478643031000078503
The H atom in CaTiO 3 : Structure and electronic properties,"Milagros Castillo, Arvids Stashans, Carmen Velasco",Philosophical Magazine,83,15,p1845 - p1854,2003,10.1080/1478643031000080690,15-Nov-2010,https://doi.org/10.1080/1478643031000080690
Initial electron back-scattered diffraction observations of cerium,"J A Archuleta, C J Boehlert, J D Farr, R A Pereyra, R K Schulze",Philosophical Magazine,83,14,p1735 - p1744,2003,10.1080/1478643031000080708,15-Nov-2010,https://doi.org/10.1080/1478643031000080708
Determination of the B1-B2 transition path in RbCl by Möbius pair potentials,"Nan-Xian Chen, Shuo Zhang",Philosophical Magazine,83,12,p1451 - p1461,2003,10.1080/1478643031000080717,15-Nov-2010,https://doi.org/10.1080/1478643031000080717
A quantitative assessment of the three-dimensional microstructure of a γ-γ ' alloy,"A C Lund, P W Voorhees",Philosophical Magazine,83,14,p1719 - p1733,2003,10.1080/1478643031000080726,15-Nov-2010,https://doi.org/10.1080/1478643031000080726
Three-dimensional phase field microelasticity theory of a multivoid multicrack system in an elastically anisotropic body: Model and computer simulations,"Yongmei M Jin, Armen G Khachaturyan, Yu U Wang",Philosophical Magazine,83,13,p1587 - p1626,2003,10.1080/1478643031000080735,15-Nov-2010,https://doi.org/10.1080/1478643031000080735
Network topology and dispersive kinks observed by high-resolution photoemission spectroscopy in cuprate high-temperature superconductors,J C Phillips,Philosophical Magazine,83,16,p1949 - p1962,2003,10.1080/1478643031000081266,15-Nov-2010,https://doi.org/10.1080/1478643031000081266
High-resolution identification of 1/2⟨110⟩ stacking faults in epitaxial Ba0.3Sr0.7TiO3 thin films,"L A Bendersky, K Chang, C J Lu, I Takeuchi",Philosophical Magazine,83,13,p1565 - p1595,2003,10.1080/1478643031000081284,15-Nov-2010,https://doi.org/10.1080/1478643031000081284
Intermediate temperature creep mechanisms in Ni 3 Al,"J M Cairney, I P Jones, T S Rong, R E Smallman",Philosophical Magazine,83,15,p1827 - p1843,2003,10.1080/1478643031000081293,15-Nov-2010,https://doi.org/10.1080/1478643031000081293
Intralamellar dislocation networks formed by glide in γ-TiAl I. The mechanism of formation,"Hector A Calderon, Alain Couret, Patrick Veyssière",Philosophical Magazine,83,14,p1699 - p1718,2003,10.1080/1478643031000081707,15-Nov-2010,https://doi.org/10.1080/1478643031000081707
Evidence of reduction in spin disorder by Ho3+ doping in La0.7Ca0.3MnO,"R Gross, M S Ramachandra Rao, V Ravindranath",Philosophical Magazine,83,13,p1631 - p1643,2003,10.1080/1478643031000082580,15-Nov-2010,https://doi.org/10.1080/1478643031000082580
Grain boundary structure of nanocrystalline Cu processed by cryomilling,"J Y Huang, E J Lavernia, X Z Liao, F Zhou, Y T Zhu",Philosophical Magazine,83,12,p1407 - p1419,2003,10.1080/1478643031000083633,15-Nov-2010,https://doi.org/10.1080/1478643031000083633
Comparison of the X-ray photoelectron and electron-energy-loss spectra of the nitrogen-doped hydrogenated amorphous carbon bond,"S Haq, S J Harris, S R P Silva, D A Zeze",Philosophical Magazine,83,16,p1937 - p1947,2003,10.1080/1478643031000088665,15-Nov-2010,https://doi.org/10.1080/1478643031000088665
Grain-boundary dislocations and enhanced diffusion in nanocrystalline bulk materials and films,"I A Ovid'ko, A G Sheinerman",Philosophical Magazine,83,13,p1551 - p1563,2003,10.1080/1478643031000088674,15-Nov-2010,https://doi.org/10.1080/1478643031000088674
Thermophysical properties of undercooled liquid Co-Mo alloys,"X J Han, B Wei",Philosophical Magazine,83,13,p1511 - p1532,2003,10.1080/1478643031000090284,15-Nov-2010,https://doi.org/10.1080/1478643031000090284
A new empirical potential for simulating the formation of defects and their mobility in uranium dioxide,"J - M Delaye, D Ghaleb, N - D Morelon, L van Brutzel",Philosophical Magazine,83,13,p1533 - p1555,2003,10.1080/1478643031000091454,15-Nov-2010,https://doi.org/10.1080/1478643031000091454
Magnetism in a UNi2/3Rh1/3Al single crystal,"A V Andreev, M I Bartashevich, T Goto, Y Homma, K Jurek, K ProkeŠ, V SechovskÝ, Y Shiokawa, O Syshchenko, J Šebek",Philosophical Magazine,83,13,p1613 - p1633,2003,10.1080/1478643031000094730,15-Nov-2010,https://doi.org/10.1080/1478643031000094730
Atomic mechanism of the Re and Ru strengthening effect on the γ-γ' interface of Ni-based single-crystal superalloys: A first-principles study,"K Chen, John S Tse, L R Zhao",Philosophical Magazine,83,14,p1685 - p1698,2003,10.1080/1478643031000094749,15-Nov-2010,https://doi.org/10.1080/1478643031000094749
Studies of threading dislocations in Nb(011) films,"R S Appleton, C P Flynn, M Ondrejcek, W Swiech",Philosophical Magazine,83,14,p1639 - p1651,2003,10.1080/1478643031000094758,15-Nov-2010,https://doi.org/10.1080/1478643031000094758
Grain-boundary sliding in elongated microstructures during diffusion creep,"B - W Ahn, K Hiraga, B - N Kim, K Morita",Philosophical Magazine,83,14,p1675 - p1684,2003,10.1080/1478643031000094767,15-Nov-2010,https://doi.org/10.1080/1478643031000094767
Indentation-induced deformations of GaAs(011) at a high temperature,"L Largeau, G Patriarche, A Rivière, J P Rivière, E le Bourhis",Philosophical Magazine,83,14,p1653 - p1673,2003,10.1080/1478643031000095649,15-Nov-2010,https://doi.org/10.1080/1478643031000095649
Application of the cluster variation method to an interstitial solid solution: Calculation of the γ '-Fe 4 N 1-x -ε-Fe 2 N 1-z equilibrium,"A J Böttger, E J Mittemeijer, M I Pekelharing",Philosophical Magazine,83,15,p1775 - p1796,2003,10.1080/1478643031000097115,15-Nov-2010,https://doi.org/10.1080/1478643031000097115
Shape memory characteristics in the L1 0 -fcc order-disorder transformation of FePd,"Kazuhiro Morioka, Katsushi Tanaka",Philosophical Magazine,83,15,p1797 - p1806,2003,10.1080/1478643031000097124,15-Nov-2010,https://doi.org/10.1080/1478643031000097124
Effect of strontium substitution on superconductivity in YBa 2 Cu 4 O 8,"J - E Jørgensen, A Kareiva, S Mathur, S Tautkus",Philosophical Magazine,83,16,p1917 - p1927,2003,10.1080/1478643031000105638,15-Nov-2010,https://doi.org/10.1080/1478643031000105638
"Prediction of kinetic demixing in a quaternary mixed oxide (A, B, C)O in an oxygen potential gradient","I V Belova, M J Brown, G E Murch",Philosophical Magazine,83,16,p1855 - p1865,2003,10.1080/1478643031000107096,15-Nov-2010,https://doi.org/10.1080/1478643031000107096
Precipitate orientation relationships and interfacial structures in duplex stainless steel Zeron-100,"Mark Aindow, Huisheng Jiao, Robert C Pond",Philosophical Magazine,83,16,p1867 - p1887,2003,10.1080/1478643031000107249,15-Nov-2010,https://doi.org/10.1080/1478643031000107249
Constitutive modelling of the densification of micron-grain-sized alumina ceramics,"Zeming He, J Ma",Philosophical Magazine,83,16,p1889 - p1916,2003,10.1080/1478643031000107267,15-Nov-2010,https://doi.org/10.1080/1478643031000107267
Macroscopic model of multicomponent fluids in porous media,"Jean-Paul Caltagirone, Guillaume Galliero, François Montel, Boris Wilbois",Philosophical Magazine,83,17-18,p2209 - p2219,2003,10.1080/1478643031000107881,15-Nov-2010,https://doi.org/10.1080/1478643031000107881
Erratum,,Philosophical Magazine,83,14,p1745 - p1745,2003,10.1080/1478643031000110795,15-Nov-2010,https://doi.org/10.1080/1478643031000110795
Growth of iron films on MgO(100) substrates at 560-600 K,B Wassermann,Philosophical Magazine,83,16,p1929 - p1935,2003,10.1080/1478643031000121649,15-Nov-2010,https://doi.org/10.1080/1478643031000121649
